{
  "task1": {
    "iou": 0.0,
    "mse": 0.002477420726791024,
    "mae": 0.013278894126415253,
    "r2": -112.50655364990234,
    "psnr": 24.56985522913388,
    "ssim": 0.6145983841547039
  },
  "task2": {
    "iou": 0.0,
    "mse": 0.0015314616030082107,
    "mae": 0.011545130051672459,
    "r2": -111.25493621826172,
    "psnr": 23.468862971187356,
    "ssim": 0.2831661028724099
  },
  "task3": {
    "iou": 0.0,
    "mse": 59.40000534057617,
    "mae": 7.130451202392578,
    "r2": -296888.71875,
    "psnr": -17.7378648402804,
    "ssim": -0.002751871014438742
  },
  "task4": {
    "iou": 0.0,
    "mse": 0.0024378907401114702,
    "mae": 0.012463806197047234,
    "r2": -110.69542694091797,
    "psnr": 24.639710518399916,
    "ssim": 0.6527037735068837
  },
  "task5": {
    "iou": 0.0,
    "mse": 0.001584452111274004,
    "mae": 0.012640104629099369,
    "r2": -115.13909912109375,
    "psnr": 23.321132921726946,
    "ssim": 0.2616088152004641
  }
}